email,dob,phone,driving_license_no
robbinslisa@example.net,1963-02-04,1251019833,cK53154034
hdrake@example.org,1957-04-22,4637246138,hR08442993
anna67@example.org,1962-03-26,8236675591,dA48812165
tammyhayes@example.com,1964-01-23,5517322929,Yg27376084
stanley42@example.org,2001-08-29,9120668440,vX33158714
barronjonathan@example.com,1967-05-08,6239522290,os82272519
tbeck@example.org,1989-02-03,7239710655,GL57408145
deborah22@example.net,1993-09-02,9667207880,iQ20605468
howardlori@example.net,1965-05-30,5175808444,wm90307206
sarahdavis@example.com,2000-02-08,3655220206,LF99928949
lambertkristina@example.org,1990-08-11,0298185288,je88412415
calvin25@example.net,2005-02-01,8190325948,yv97090372
rayscott@example.net,1976-02-29,7705338862,oU12634906
iarmstrong@example.com,1973-12-08,2283539528,Df62767963
valdezkenneth@example.net,1976-05-11,2228896293,CT01093037
