email,password,first_name,last_name
robbinslisa@example.net,Test@123,Jennifer,Wilson
hdrake@example.org,Test@123,Patrick,Kelley
anna67@example.org,Test@123,Antonio,Gomez
tammyhayes@example.com,Test@123,Sandra,Jackson
stanley42@example.org,Test@123,Tammy,Roberts
barronjonathan@example.com,Test@123,Mary,Mack
tbeck@example.org,Test@123,Janice,Harris
deborah22@example.net,Test@123,Ashley,Johnson
howardlori@example.net,Test@123,Erin,Moore
sarahdavis@example.com,Test@123,Tiffany,Ellison
lambertkristina@example.org,Test@123,Susan,Nichols
calvin25@example.net,Test@123,Sandra,Le
rayscott@example.net,Test@123,Cynthia,Huerta
iarmstrong@example.com,Test@123,Eric,Bailey
valdezkenneth@example.net,Test@123,John,Price
